source_system_id,source_object_id,runtime_system_id,runtime_object_id
0,0,0,0
0,1,0,1
0,2,0,2
0,3,0,3
1240,0,1,0
1240,1,1,1
1472,0,2,0
2016,0,3,0
2016,1,3,1
3759,0,4,0
3759,1,4,1
3814,0,5,0
3814,1,5,1
3814,2,5,2
3814,3,5,3
5325,0,7,0
5485,0,8,0
5632,0,9,0
5632,1,9,1
5632,2,9,2
7966,0,10,0
9702,0,11,0
9702,1,11,1
9764,0,12,0
9764,1,12,1
10620,0,13,0
10620,1,13,1
12082,0,14,0
12082,1,14,1
13368,0,16,0
14067,0,17,0
14067,1,17,1
14067,2,17,2
15419,0,18,0
15419,1,18,1
15471,0,19,0
16496,0,20,0
16496,1,20,1
17336,0,21,0
18852,0,22,0
19799,0,23,0
19799,1,23,1
19799,2,23,2
21036,0,24,0
21036,1,24,1
21036,2,24,2
22396,0,25,0
22396,1,25,1
24129,0,26,0
24129,1,26,1
24129,2,26,2
24129,3,26,3
26792,0,27,0
30847,0,28,0
30847,1,28,1
30847,2,28,2
32263,0,29,0
33139,0,30,0
34511,0,31,0
36107,0,32,0
37173,0,33,0
37173,1,33,1
37659,0,34,0
38846,0,35,0
38846,1,35,1
38846,2,35,2
40386,0,36,0
45211,0,37,0
46945,0,38,0
46945,1,38,1
46945,2,38,2
46945,3,38,3
49767,0,39,0
49767,1,39,1
49845,0,40,0
49845,1,40,1
51172,0,41,0
51172,1,41,1
53612,0,43,0
53612,1,43,1
53879,0,44,0
53879,1,44,1
53879,2,44,2
54052,0,45,0
57194,0,46,0
57194,1,46,1
57371,0,47,0
57375,0,48,0
57375,1,48,1
57629,0,49,0
57629,1,49,1
57767,0,50,0
58735,0,51,0
58735,1,51,1
58735,2,51,2
65653,0,53,0
66694,0,54,0
66694,1,54,1
66943,0,55,0
66943,1,55,1
67380,0,56,0
71027,0,57,0
71027,1,57,1
71456,0,58,0
71456,1,58,1
71456,2,58,2
72665,0,60,0
72665,1,60,1
72665,2,60,2
72717,0,61,0
72717,1,61,1
72957,0,62,0
72957,1,62,1
72957,2,62,2
74766,0,63,0
74766,1,63,1
74766,2,63,2
74766,3,63,3
80105,0,65,0
80218,0,66,0
80579,0,67,0
82472,0,68,0
82473,0,69,0
82557,0,70,0
82557,1,70,1
83882,0,71,0
83882,1,71,1
84147,0,72,0
84147,1,72,1
84462,0,74,0
85036,0,75,0
85036,1,75,1
85264,0,76,0
85264,1,76,1
85794,0,77,0
85794,1,77,1
86022,0,78,0
86022,1,78,1
86509,0,79,0
86705,0,80,0
86705,1,80,1
86705,2,80,2
87665,0,82,0
88327,0,83,0
88327,1,83,1
88327,2,83,2
91484,0,85,0
91484,1,85,1
92115,0,86,0
93578,0,87,0
93578,1,87,1
93578,2,87,2
93930,0,88,0
95799,0,90,0
95799,1,90,1
97338,0,91,0
97338,1,91,1
98924,0,92,0
99143,0,93,0
99382,0,94,0
100854,0,95,0
100854,1,95,1
102708,0,96,0
102765,0,97,0
102765,1,97,1
102765,2,97,2
102765,3,97,3
104751,0,98,0
104751,1,98,1
105765,0,99,0
105765,1,99,1
105913,0,100,0
105913,1,100,1
105913,2,100,2
110547,0,101,0
111450,0,102,0
112936,0,104,0
112936,1,104,1
112936,2,104,2
113008,0,105,0
113008,1,105,1
113216,0,106,0
113216,1,106,1
113687,0,107,0
114260,0,108,0
114260,1,108,1
117106,0,110,0
117106,1,110,1
117956,0,111,0
117987,0,112,0
118012,0,113,0
118012,1,113,1
118084,0,114,0
118084,1,114,1
118084,2,114,2
118100,0,115,0
118104,0,116,0
118128,0,117,0
118128,1,117,1
118129,0,118,0
118129,1,118,1
118152,0,119,0
118152,1,119,1
118187,0,120,0
118201,0,121,0
118236,0,122,0
118344,0,124,0
118399,0,125,0
118405,0,126,0
118405,1,126,1
118409,0,127,0
118409,1,127,1
118409,2,127,2
118425,0,128,0
118425,1,128,1
118447,0,129,0
118447,1,129,1
118447,2,129,2
118451,0,130,0
118459,0,132,0
118510,0,133,0
118530,0,134,0
118530,1,134,1
118532,0,135,0
118572,0,136,0
118578,0,137,0
118578,1,137,1
118585,0,138,0
118585,1,138,1
118644,0,139,0
118644,1,139,1
118704,0,140,0
118707,0,141,0
118707,1,141,1
118710,0,142,0
118720,0,143,0
118720,1,143,1
118777,0,144,0
118812,0,145,0
118865,0,146,0
118894,0,147,0
118902,0,148,0
118955,0,149,0
118972,0,150,0
118972,1,150,1
118993,0,151,0
118993,1,151,1
118995,0,152,0
118995,1,152,1
119048,0,153,0
119048,1,153,1
119090,0,154,0
119102,0,155,0
119102,1,155,1
119126,0,156,0
119199,0,157,0
119199,1,157,1
119199,2,157,2
119212,0,158,0
119218,0,159,0
119218,1,159,1
119224,0,160,0
119229,0,161,0
119260,0,162,0
119513,0,164,0
119518,0,165,0
119536,0,166,0
119571,0,167,0
119571,1,167,1
119585,0,168,0
119615,0,169,0
119615,1,169,1
119615,2,169,2
119615,3,169,3
